0,1,2,3,4,5,6,7,8,9,10,11,12,13,14,15,16,17,18,19,20,21,22,23,24,25,26,27,28,29,30,31,32,33,34,35,36,37,38,39,40,41,42,43,44,45,46,47,48,49,50,51,52,53,54,55,56,57,58,59,60,61,62,63,64,65,66,67,68,69,70,71,72,73,74,75,76,77,78,79,80,81,82,83,84,85,86,87,88,89,90,91,92,93,94,95,96,97,98,99,100,101,102,103,104,105,106,107,108,109,110,111,112,113,114,115,116,117,118,119,120,121,122,123,124,125,126,127,128,129,130,131,132,133,134,135,136,137,138,139
-0.027020454,-0.07266973,-0.06407359,-0.050986066,0.08217433,0.028286701,-0.015602017,0.01851971,0.039675124,-0.07041694,-0.04540345,0.081349574,-0.044415195,-0.050816786,-0.022682363,0.04775315,0.031337675,-0.08675254,-0.025886273,0.060541645,-0.03069483,0.055272486,0.03236469,0.066612,0.021964528,0.010935105,0.06403377,-0.01845933,-0.0020023773,-0.052306388,0.03458567,0.023307918,0.025953265,0.04917401,-0.047742307,0.06561195,0.02299447,0.01196752,0.012317796,-0.009323684,-0.01962395,-0.01612156,-0.06517901,0.073307194,-0.06956529,0.060228623,-0.01300769,0.039246242,0.06828359,0.07787841,0.0430436,-0.054529168,0.002893247,-0.07277364,-0.028059723,0.0031346765,-0.023733182,-0.08718269,0.07614882,0.061865296,-0.025502449,-0.027877249,0.005921694,0.046300534,-0.0046491823,-0.07985751,-0.08198483,-0.0564686,-0.076388374,-0.07901523,-0.07556901,-0.057331234,-0.033659413,-0.0014403339,0.029884784,0.023982987,-0.03464708,0.06301914,-0.023746094,-0.05481889,0.052901633,0.03331608,0.05206675,0.02732143,0.07912937,0.02270853,0.028440533,0.020185294,-0.05626134,-0.011068302,0.04094352,0.08166484,-0.020565296,-0.06907445,0.0713876,-0.0068459515,0.048193675,0.074051686,0.05617284,0.03544996,0.06540076,-0.07744527,-0.06569345,-0.008245768,-0.017502695,-0.007187588,-0.023541946,-0.027947944,-0.068369575,-0.010915639,0.027151737,-0.03232027,-0.05384826,0.03919764,-0.015374102,-0.031163098,-0.049297,0.002888546,-0.06969331,-0.04269076,-0.07875974,-0.03600324,-0.013513084,-0.01135118,-0.004903017,0.037034363,-0.07829968,0.0060734195,-0.060471777,-0.02375091,-0.05741761,0.012967172,0.05292001,-0.0075203557,-0.05605962,-0.025160506,0.074340336,-0.03447749,0.071657896,0.028795961
-0.019419443,0.05208406,0.018499674,0.046035077,0.01945639,-0.020977974,-0.021116953,-0.031035846,0.047349054,0.06550332,0.061623953,-0.008288139,-0.07645824,-0.048884425,0.082233466,-0.022306314,-0.027892163,0.06956755,0.041960396,-0.06776394,-0.05802212,0.021269437,0.05495617,-0.08289739,0.04367942,-0.04175359,0.030259006,-0.0034206666,-0.015073744,0.016930902,0.07207593,-0.012010673,0.068370186,0.0040858705,0.07633341,0.03495107,0.033423014,0.07906307,0.03347949,0.04135237,0.063002154,-0.078532204,0.047939617,-0.022868419,-0.055335324,0.018396448,0.07785098,0.027262406,0.060070883,-0.029291445,0.031509586,0.027138058,0.024213469,-0.05292878,-0.067392156,0.026581554,0.013601204,-0.06249305,0.032126065,0.068388805,0.023250148,-0.044556923,-0.053454474,-0.0741257,-0.08276866,-0.045550704,0.016542438,-0.04399254,0.074766144,0.070373625,0.022224339,-0.0034587975,0.057960372,0.03379641,0.041187596,0.0717629,-0.026230158,0.070527695,0.0775191,-0.036515865,-0.07015196,0.043355785,-0.065632366,-0.0811252,-0.01275623,-0.07154082,-0.08027676,0.045732666,-0.038488362,0.035391875,-0.0019480728,0.04889644,0.039488547,0.074540876,0.023546582,0.007517222,0.05046766,0.048669755,0.0034681992,0.028832464,0.042607207,-0.08243314,-0.029869625,0.03947111,-0.035523567,0.017279018,0.077591136,0.016536333,-0.047115088,0.048804935,0.049868375,0.024478728,0.04399596,0.02726792,0.039997138,-0.038673818,0.027493373,0.05036314,-0.024282483,0.05237159,-0.07159302,0.06432243,-0.026611147,0.04732145,0.04764506,-0.05278283,0.004698378,0.020637702,0.06973638,-0.049898483,-0.0043232716,0.04710817,-0.03347998,-0.07806975,-0.025306292,-0.008165759,-0.06337478,-0.015842669,0.0026443575,0.009643378
-0.004360882,-0.05328997,-0.03733309,0.006329795,0.0775539,0.08672944,0.038879424,0.013974745,0.0044609155,0.012956601,0.0070477007,-0.047782283,0.050673284,0.015824987,0.06355269,0.024193564,-0.0027505432,0.01564226,-0.078199685,0.041936614,0.017000226,-0.055150673,0.003599906,0.07497706,0.015714372,0.02371469,-0.048381016,-0.07171271,0.06472328,-0.059863407,-0.048722997,0.07782113,-0.063955285,0.07384833,-0.08217566,0.0082479045,0.018147763,-0.060822535,-0.03748389,-0.030104624,0.027942505,0.073915966,-0.046557713,-0.015380844,-0.02356634,-0.05119477,0.0839634,-0.06851804,-0.026077155,0.042006407,-0.003694097,-0.0717232,-0.03697546,-0.027756128,0.07882913,0.04690413,0.031434823,0.028639466,-0.061885048,0.079977795,-0.005377478,-0.04347153,-0.05380989,-0.056569222,-0.057383094,0.07609798,0.0431848,-0.030620195,-0.054137602,-0.05430204,-0.087049335,0.005891339,-0.0502309,-0.032742586,-0.025686173,-0.06788519,0.0042663016,-0.07068591,-0.02422496,0.042833816,0.0047776364,0.010594673,0.015919276,-0.0032918605,-0.02130495,0.06344006,0.033781115,-0.023716802,-0.023297625,0.07975287,0.08108972,-0.037243303,-0.030670917,-0.011118863,0.02178251,0.062040318,0.06338945,0.0449101,-0.049284842,0.013246117,0.049329076,-0.06916675,-0.058386844,-0.04758721,-0.063395284,0.013580516,0.038891766,0.013151967,-0.033819824,0.022219853,0.009358293,-0.060998756,0.06799176,0.017780403,-0.038420998,-0.053754095,0.053728793,0.04555629,-0.049844358,0.06077524,0.014343528,-0.07343844,0.014979723,-0.015689474,-0.022721497,0.07344461,0.084595956,0.05672469,-0.054440238,0.02283234,-0.039481837,-0.013643559,0.019859036,0.029588554,-0.029697264,-0.014840009,-0.05316135,0.009309571,0.030582918,-0.028465247
-0.014453428,0.07516008,-0.035891984,-0.02566848,0.020773381,0.081607915,-0.05772837,0.07291823,-0.021954639,0.01969463,0.07311427,0.03443725,-0.054294728,0.0058742864,-0.02858571,-0.0075363982,-0.047773425,0.055480953,0.0022240991,-0.039318603,0.03373283,-0.052372873,0.03421023,0.019195624,0.044087674,0.014461552,0.013303374,-0.023700725,-0.044215776,0.03799345,-0.018671578,0.013779861,0.050241943,-0.0014214001,-0.021385616,-0.031362373,0.04633236,0.037344705,-0.01709138,0.046756472,0.0047658663,-0.020646427,-0.070459984,0.01653825,-0.024159534,0.013124337,0.03002399,-0.065490335,-0.026875915,-0.08317434,0.053950533,0.028665401,0.039938133,-0.004269293,-0.023464298,0.06878984,0.06766776,0.0646003,-0.052744597,0.043521177,0.044815205,-0.016425481,0.075624965,0.035575897,0.007368703,0.0144169135,0.0202968,0.011098862,-0.08062884,0.062768415,0.036868833,-0.08750719,-0.06540448,-0.015444611,-0.049418986,-0.040190328,-0.02338588,0.034363896,0.059524115,0.019694664,0.08041441,-0.00021678148,-0.06430001,0.023127606,-0.060423464,-0.0041004047,0.025579264,-0.060997184,-0.03719991,0.00986997,0.06442739,-0.041085843,0.014098555,-0.03276962,0.06764536,-0.027418053,0.06508397,0.028228968,0.017198516,0.014664258,0.03436997,-0.06142801,0.0798457,-0.07331207,0.032953084,-0.032828763,0.03416103,0.043695036,0.06905926,0.030849306,-0.014501362,-0.04291401,-0.034361824,-0.05230888,0.025297387,0.032397293,0.0750543,-0.080386125,0.029967483,-0.06569033,-0.0760699,0.0831428,0.057259936,-0.081801385,-0.06104925,0.014396609,-0.038820315,0.0200093,0.0349302,0.007959685,0.014614694,0.048425794,0.019400131,-0.0828616,-0.014476129,-0.0037599339,-0.025505278,-0.07208718,0.02609011,-0.07298954
0.080378346,-0.027774122,-0.025712557,0.043021012,-0.0040211794,-0.06920519,0.035797,-0.07589962,0.019477447,-0.058870282,-0.036901303,0.0028985203,-0.059814524,-0.069280654,-0.062634215,-0.0500609,0.06535386,0.07930442,0.018338416,-0.017393693,0.03058608,0.035312567,-0.084472306,-0.049056586,0.010122526,0.017566653,0.0059223203,0.07818209,-0.06617382,-0.065991566,0.053823918,-0.07755627,-5.545818e-05,-0.06490074,0.030772755,0.06326074,-0.08134389,-0.016286418,0.019919725,-0.0061899372,0.037176833,-0.03790554,0.06988363,0.056086943,-0.07876492,-0.044618294,-0.003657283,-0.0008266614,-0.05927461,0.0150003,-0.0016292494,0.031745356,-0.06662908,0.058343183,-0.05860533,-0.024086904,-0.02767384,0.0638857,0.05210974,-0.013078082,-0.05893224,-0.0520945,0.028210877,-0.025321439,-0.031128844,-0.0032799363,0.026973246,0.06530964,0.055578224,-0.029035492,-0.07272288,-0.028778825,0.025331726,0.06397661,-0.0210236,0.0504786,0.016987579,-0.017920518,-0.0012804213,0.017651036,-0.08104416,-0.058587376,-0.053980626,-0.083398424,-0.010495356,0.014020118,0.015844863,-0.011106547,-0.03802114,0.073517635,-0.072395824,-0.0024395927,0.013749625,-0.0049276184,0.06383382,-0.084551714,0.06858747,0.060312696,0.038440052,0.021975126,-0.057024352,0.025306249,-0.017454822,-0.08515279,-0.059314895,0.00048791437,0.07269224,-0.081833445,0.013185595,-0.02120424,-0.06426747,0.06628263,-0.044989303,0.07521229,-0.07584444,-0.011768597,0.019258056,-0.019451201,0.05464886,0.019771611,0.002007878,-0.06567901,-0.005253752,0.071256116,-0.01799624,-0.027726544,-0.016548676,-0.04653626,-0.03512239,0.029178485,0.058388002,0.0049927086,0.0433861,-0.06361309,0.0396483,0.041146003,0.06750769,0.030070266,0.05304226,-0.04514595
-0.015469029,-0.03599208,0.033452623,0.020552706,-0.03244407,0.021645412,0.017962448,0.04102893,-0.053309992,0.026403962,-0.022846546,-0.074742325,0.042867087,0.010761806,-0.026270064,-0.043598987,-0.016680542,-0.027823895,-0.009359843,0.0024651391,-0.030252915,0.049497955,0.03046137,0.046266705,-0.050716992,0.031445757,-0.0028032372,-0.04156768,0.08028124,0.04820159,-0.08339175,0.027566925,0.077673934,-0.08150958,0.04068911,0.06361648,0.017040193,-0.049282536,-0.00794267,0.07426394,0.026553938,0.043307543,-0.055123106,0.0031852785,-0.037207693,0.041660905,-0.06656759,-0.014380501,-0.07492059,0.027972994,0.020797702,0.06992711,0.035294738,-0.024009986,-0.022514487,-0.08432872,-0.007017321,-0.061304923,0.06823108,0.024631444,0.074808255,0.08119055,0.015693339,0.06083646,0.056008823,0.070674345,-0.042904973,0.028463844,-0.083061665,0.021333683,-0.0650215,0.071409784,-0.029534733,-0.029993817,0.024738127,0.03581299,-0.0037583672,-0.0492492,-0.030912139,-0.04370589,-0.004815896,0.06737435,-0.0037366333,0.018505141,-0.008865869,0.040322345,0.02478067,-0.072287366,-0.04432444,-0.06777226,-0.04111581,0.035090655,-0.028513901,0.0021842718,-0.05962956,0.06846187,0.07166634,0.042813256,-0.016271051,-0.047045335,-0.0011845645,-0.037748966,-0.029132592,0.06497748,0.070990056,0.023049107,0.07497995,0.081883155,0.053303856,-0.058109634,-0.043461457,0.015066538,0.037936922,-0.042518143,0.018450845,-0.040295362,0.06327759,-0.00901875,-0.025112284,-0.06443136,0.030655311,0.023453223,-0.049493752,-0.032278337,-0.07029053,-0.05477395,0.043958537,0.027281824,-0.07894565,0.06718631,0.019242859,0.017054245,-0.035543863,-0.07781753,0.014667485,0.061612055,0.016460022,0.007630296,-0.04295116,-0.041409716
0.04481111,0.06604831,0.048540894,-0.0077084797,0.007058851,-0.013490799,0.030038662,-0.0025667122,0.0055642873,-0.038896114,0.024129385,-0.04938966,-0.011313612,0.021111477,0.025336381,-0.0336619,-0.026739076,-0.074049905,0.08325803,0.010526236,0.08675669,-0.048173495,0.03493825,-0.06181119,-0.012449771,0.055443414,0.017661981,-0.06673555,-0.04837274,0.06761802,0.030649401,-0.035347972,-0.015219397,-0.051715806,-0.060776044,-0.08000242,0.064692445,-0.08383189,-0.0063787303,0.078227684,0.08283865,0.029869432,0.012678369,-0.0124985315,0.011618115,0.0046687103,-0.026057066,-0.033862002,0.021559712,0.0008293601,-0.0053360895,-0.07260069,0.043889716,0.06788297,-0.057158086,-0.076459944,0.08132304,-0.0666829,0.051944576,-0.01632921,-0.019616509,-0.011625164,0.0040469836,0.06309672,-0.04176514,0.049021445,0.023298772,0.03841746,-0.018721422,0.07472244,-0.061521083,0.049838677,0.054467935,-0.0038416455,0.031096924,0.04598008,0.05410016,-0.048150882,-0.03814004,-0.048234873,-0.049425386,-0.043997306,-0.06348245,0.08734181,0.0036295017,-0.028646994,0.03323773,-0.05819865,-0.086406305,-0.046040267,-0.033315938,-0.08149541,0.07601222,0.031906374,0.05791832,-0.008045483,0.061884474,-0.040480264,-0.07789136,0.050738502,-0.06373052,-0.07536007,0.019780548,-0.0632085,0.0019634117,-0.04682459,0.06816776,-0.011617923,-0.061882176,-0.075026356,0.071335,-0.04909645,0.046003323,-0.076322295,-0.021578917,0.05811778,0.009247089,0.00840918,-0.05019707,-0.056638684,-0.07851221,-0.07670097,-0.07474145,-0.01291624,0.010393238,-0.016548375,0.05987987,0.054625373,0.064996816,0.07021792,0.0021911187,-0.004350725,-0.05404578,-0.029687839,0.07050851,-0.064946555,0.06476081,0.017301302,-0.06595476,-0.0032215584
0.042074718,0.010696354,0.08008767,0.06246426,0.03932308,0.03955054,-0.049870346,-0.08104429,0.029125689,0.0016913923,0.038659688,-0.05230371,0.048297856,-0.020839458,-0.0658685,-0.05449077,0.07693455,0.009369465,-0.014332536,0.026291067,-0.007417987,-0.00797866,0.035887614,0.028282387,0.02336833,0.07718057,-0.045065112,-0.071284994,0.077185266,0.068173766,-0.014875817,0.0119623495,0.01388426,0.04115361,0.07592981,0.07546178,0.028701225,-0.0056950497,-0.069911376,-0.029415572,-0.029149001,0.08293062,-0.007496141,-0.0022466572,0.0140016675,-0.058490366,-0.038912002,0.06646863,0.0016640087,-0.017585322,-0.06931645,0.015646204,0.027556371,0.052140422,0.04652792,0.084451586,0.012068421,-0.08172398,0.027602943,0.04974769,-0.011330388,0.07451165,-0.074359134,-0.06790173,0.057609852,-0.043324567,-0.045003492,0.02732726,0.029988907,0.08470649,0.07648361,0.03840665,0.024387453,0.064773545,0.034164872,0.024320014,-0.017519668,-0.05874607,0.025787173,-0.008720563,-0.003145218,-0.03653218,-0.0125100305,-0.01776933,-0.030074006,-0.002070218,0.050845545,-0.05619336,0.08398104,-0.022156764,0.005089676,0.05094292,0.040343408,-0.0154354405,0.016430456,-0.011680531,-0.06110393,0.06006864,0.0007651554,0.083685756,-0.06440777,0.019619474,-0.07365952,0.029235968,0.02121532,-0.040131804,0.05450404,0.017156562,0.04857108,-0.058040746,0.051046707,0.07074502,-0.07025312,-0.05343619,-0.036824882,0.038875677,-0.0073068137,-0.030175216,-0.018836098,-0.0660802,0.065223545,-0.014047692,0.034107875,0.063437514,-0.06785545,0.0544845,-0.034077283,0.05704126,0.021563388,0.01566406,0.06544118,0.056667108,0.06403112,-0.07483876,0.0560039,-0.0063012424,-0.018330032,-0.019684808,0.032074746,0.07095801
-0.08079286,0.042694803,0.021204475,0.049074445,-0.057417445,0.073130086,0.023621393,-0.028065974,0.02006981,-0.07590955,-0.05617693,0.031576913,-0.047416106,-0.0146445315,0.03335877,0.06798133,-0.062674984,-0.06737087,0.0234149,-0.0034294764,0.0139997285,0.079459846,0.051869076,0.04725588,0.04704024,0.05213319,0.049027823,-0.06140284,0.08246614,0.05085383,-0.022415128,-0.02639488,0.07717178,-0.05780275,-0.048641395,0.0019424162,-0.07870261,0.081832066,-0.005926345,-0.0717529,0.050687123,0.013751948,0.049319085,0.029917404,0.034409594,0.044157293,-0.060230564,0.033697266,0.05311166,-0.014722197,0.035569597,0.0065574674,-0.071133375,-0.066121176,0.04574461,0.07702613,-0.03277442,-0.02538165,-0.08342739,-0.06041689,0.015387808,-0.061480574,-0.025423752,0.07193719,0.053580306,-0.058337457,0.00040756134,0.03249379,0.039830543,-0.031395514,-0.0578525,-0.0011370511,-0.0029444606,-0.079397224,-0.019558212,0.069790564,0.067559026,-0.01828803,-0.0013184448,-0.08444124,-0.028987657,0.07196545,0.03354738,0.06937693,-0.037674773,0.045547526,0.009475253,0.07338849,0.014381492,0.014838742,-0.010550868,0.030316116,-0.018384987,0.08113742,-0.08316662,-0.027061982,0.030804647,-0.06974082,0.041434873,0.081886224,0.007306577,-0.009488972,-0.07445511,-0.0074421973,0.021020604,0.067245916,0.025698103,-0.07175329,-0.047598574,0.0484759,-0.063678995,-0.0027418633,0.080781676,0.07969341,-0.0023228065,0.056775223,0.05108135,0.005985429,-0.06868548,-0.060959216,-0.016128745,0.04718211,-0.052871246,0.04969673,-0.029324468,-0.005536952,-0.030124089,-0.06331835,0.03545301,0.080023974,-0.046605796,-0.010142418,-0.03766796,-0.07433158,-0.0039170026,-0.06691478,0.08009057,0.019029686,-0.07803366,0.06187387
-0.03971918,-0.016756665,-0.04098719,0.022003742,-0.07642824,0.04180275,-0.01691065,0.0018635972,-0.010621234,0.06662626,-0.018653316,-0.08055223,0.03841984,0.0020165374,0.040875033,-0.069866635,0.010934843,-0.044526998,-0.04173134,-0.05640292,0.01999457,-0.003014784,0.0693335,0.07947567,-0.060598444,0.05411432,0.054354105,-0.011081108,0.06359259,-0.03327577,0.04959903,-0.031888157,-0.046150964,0.06655739,0.06843683,0.0397799,0.03945676,-0.018567435,-0.007933556,0.06799756,-0.022798726,-0.022254027,0.017506164,-0.03474083,-0.028772876,0.060326137,0.073067546,-0.04111755,0.06116917,-0.050424803,0.07969313,-0.07244981,0.06851043,0.007641668,-0.016865669,-0.04251741,-0.0201008,0.035437465,0.06578284,0.003188456,0.038857102,0.012837315,-0.026588352,0.0037197,0.08549852,0.024844538,0.08461401,-0.0362128,-0.06614401,0.073266655,0.069870085,-0.02658143,-0.0027572906,-0.03639825,0.0564656,0.04319949,-0.07424902,-0.024641966,-0.04541811,0.009446295,0.019075317,0.0115537485,-0.08511525,-0.0194792,0.07436892,0.059199646,-0.024204755,0.049428154,-0.022628715,0.05218168,-0.055152945,0.0740651,-0.026541738,-0.045431953,0.06894672,-0.04466252,-0.06004543,-0.08163482,0.057690106,0.05868063,-0.070418455,0.05537166,0.041602727,0.005636628,0.01195821,0.027993241,0.083082594,0.029880317,-0.053734194,0.04050403,-0.07714477,0.014012898,0.011180947,-0.03484529,0.015522762,0.037174907,0.051956914,0.017530682,0.06618034,0.0680614,0.07329339,0.043828864,-0.040610813,0.0015801074,0.009524334,0.0018470797,-0.035511423,0.0375462,-0.027237779,-0.018865554,0.035304576,-0.07393727,0.025354635,0.023210244,0.042406343,0.020987846,-0.07910885,-0.0020037598,-0.0021840478,-0.025501914
-0.019654527,0.057917576,-0.039679237,0.011195277,-0.051483624,-0.025086889,-0.046976313,0.0041242153,-0.05645256,0.02831452,0.009530558,0.08364668,-0.026256552,0.058079515,-0.04920353,-0.028653527,-0.054501604,-0.028546657,-0.008505614,-0.07225537,0.041771803,-0.06873947,0.07929236,-0.031511616,-0.023893135,-0.066959776,0.035843566,-0.018108675,-0.06634254,0.040758554,-0.029001374,-0.061239295,-0.03951183,0.046640817,-0.03967812,-0.009632235,-0.0544927,0.01937187,0.026319044,-0.030524807,0.0012779015,0.039959572,0.07215569,-0.004066099,-0.024255868,-0.0418599,-0.032699276,-0.046317868,-0.043772392,-0.028208375,-0.051227473,0.083557874,-0.065002516,0.05192667,-0.0755291,-0.042733695,0.026626492,0.04786204,0.08037457,-0.06234873,0.06835859,-0.060761746,0.038716607,0.07469405,-0.015542313,-0.00041891797,0.026268285,0.031516902,-0.0073978687,-0.012543089,-0.04444189,-0.079202004,-0.04331847,-0.049159117,0.077758506,-0.07547483,0.040727645,0.058922548,-0.0513049,0.010364668,0.042918142,0.0065257577,-0.001394408,-0.041733652,0.087019876,-0.08066228,0.06912864,0.027094116,-0.0015334748,0.05777437,0.0357011,0.007199008,-0.06047895,-0.048037298,0.040984545,-0.022782767,-0.025901828,0.04489658,-0.023854153,-0.07813078,-0.055178344,-0.07712659,0.050177883,0.018157009,-0.062779486,-0.001101884,0.015200836,0.038953215,-0.0056825047,-0.018370079,0.040273838,0.024379771,0.014159921,0.0696439,0.04282839,-0.016543187,0.06124453,-0.07737117,0.011656837,0.038354617,0.08440751,-0.02990621,0.015727695,0.059268475,-0.038971465,0.013395114,0.038266532,0.0053513255,0.032673527,0.011533751,-0.047367606,-0.0005256431,-0.064714395,0.006919625,-0.08241788,-0.07891373,0.04418417,0.00038805665,-0.037634492,0.08197314
-0.05506453,-0.036415648,-0.07732336,0.05454702,-0.057323672,0.024746113,0.03939986,-0.06498816,-0.017289342,0.080615096,0.079878084,-0.020097446,-0.017327338,-0.08442491,0.022612374,0.007614015,0.061282378,-0.05704739,-0.030453112,-0.07908917,-0.07891776,-0.057384778,0.00363513,0.07572386,-0.072186,0.073812366,-0.072446816,-0.030521872,0.024630764,0.009118374,0.00041858543,0.04201067,-0.028022813,0.0041885045,0.061932404,0.07868026,-0.07115378,0.03216085,0.0698229,-0.057400193,-0.068756536,0.06974947,0.04068317,0.056201834,-0.02552476,0.030299664,0.07160466,0.07976287,-0.010502458,0.08082844,0.004767484,-0.070765994,-0.03818167,-0.043857284,0.08085968,0.0045889704,0.022338863,-0.0032971557,0.06278496,0.006027219,-0.057377037,0.049821716,0.0814535,0.01088683,0.008160583,0.068231195,-0.0744349,0.026553962,0.058562286,-0.041869663,-0.036204495,-0.040743932,0.020685084,0.067547545,0.024675753,-0.07567817,0.070701584,-0.0058167637,-0.016954953,0.049433623,0.031327758,-0.008115857,-0.012827556,0.03411672,0.015071217,0.024158753,0.055960868,-0.044582132,-0.021990046,-0.037477497,0.035895012,-0.08081228,-0.0023144318,0.08254298,-0.021163953,-0.013622044,0.052486695,-0.009408511,0.05088602,-0.056321856,-0.06575152,0.033784755,0.0316499,-0.07031986,-0.04190031,-0.014863166,-0.05630904,0.03582757,-0.009464229,-0.063239776,0.05027573,-0.059165854,-0.026664428,-0.050006293,-0.059731685,-0.02815216,-0.0034063908,-0.015312811,0.049024776,0.043967355,0.032123636,-0.025962505,0.0152683435,0.08209753,-0.07539845,0.07274904,0.023446085,0.025153337,0.08179656,0.051912505,0.08077871,0.07119192,0.023213623,0.08647403,0.05724762,-0.035787508,0.029915204,0.078442015,-0.0064365966,-0.08126676
0.016819881,-0.015176976,0.04066386,0.0134560885,-0.017069109,-0.07629761,0.046097808,0.06806043,0.07588569,0.029717622,-0.07169391,0.06363328,0.049339302,-0.02363829,0.05994569,-0.07510009,0.01576505,0.06945825,-0.06971142,-0.03266891,0.08081032,0.07303743,0.06685041,-0.06236462,-0.041658737,-0.07230732,-0.06762222,0.08034749,0.053019155,-0.037579015,0.067126594,0.008054854,-0.034203384,0.04304563,0.037362155,-0.028594617,0.041261755,0.01757563,0.042923793,-0.02334982,0.043979503,0.04884108,0.07630167,0.041542035,0.020311099,-0.0459609,-0.011623102,0.072831005,-0.022629363,0.04930334,0.013178567,0.005207104,0.028377244,-0.05163849,0.06424602,-0.07976719,-0.041988734,-0.035849065,-0.010466977,0.027957823,0.010349004,0.05787049,-0.059126597,0.07166789,-0.08050406,-0.025568757,0.08589541,-0.074118815,0.043587796,0.012043057,0.038953297,0.017400298,-0.07518583,-0.068939336,0.05836116,-0.04504025,-0.0059387283,-0.041876215,0.039826028,0.043294333,0.06051294,-0.034945305,-0.00769187,0.079522945,0.028723363,0.06696319,-0.05585513,-0.00054736243,-0.041419525,-0.0038783003,0.056919504,0.0027377724,0.068397425,-0.07851674,0.022929063,0.073217295,0.082326524,0.07332951,0.067663096,-0.070732325,-0.030695677,0.035406575,0.009645435,-0.0345339,-0.044305954,-0.050311998,0.030287132,-0.041099045,-0.04150719,0.029638551,0.028104784,0.059559036,-0.08288427,0.032278396,-0.069522634,0.040281173,0.014876913,0.06543492,-0.035676476,0.028693663,0.035694085,0.011028697,-0.057260003,0.0485079,0.056521177,-0.07624213,-0.03381576,-0.052656297,0.006807872,-0.022462236,0.083676405,0.0848863,0.08597045,0.017959042,0.07353241,-0.024476195,0.021975577,0.054390673,-0.07822122,0.038478225
-0.0350748,0.027348636,-0.011057935,-0.081576265,0.013248788,-0.027641272,-0.024130082,-0.0179856,0.078849226,-0.07322136,0.062657125,0.035810716,-0.020116022,0.048996888,-0.0026965248,0.07304642,-0.018651921,0.02391375,0.057878662,0.081686966,-0.030220086,-0.043243293,-0.080607645,0.0011893758,0.078220494,-0.013496332,0.04335228,-0.016458321,0.05606867,-0.017665263,-0.018943684,0.017122574,-0.0010868608,-0.062327452,0.072234504,-0.077473275,-0.008337657,0.027188303,0.07039078,0.054540504,0.047175087,-0.033416197,-0.0035226701,-0.041996285,-0.03596491,0.06292956,0.012384326,-0.060878653,0.009270091,-0.07767158,0.0072186813,-0.007596862,-0.062025003,-0.07881979,0.015090971,-0.075578034,0.038448006,0.0683357,-0.029566322,0.07660106,-0.07026261,-0.015053103,0.029548792,0.02830265,0.03414195,0.05602426,0.07275558,-0.05956262,0.0054057403,-0.042693757,0.022323277,-0.053097483,0.081123844,0.049020767,-0.018787755,-0.06833928,0.08297673,-0.045946088,-0.016270472,-0.05042826,0.057896957,-0.061138697,0.01304672,-0.053559788,0.06387277,0.034231868,0.024156531,0.069153726,-0.031626496,0.022672137,0.07322861,-0.058382377,-0.013486097,-0.054113775,0.017227514,0.04792997,-0.040834624,0.038929544,0.031249758,0.0023607865,0.002648714,-0.029741673,0.008922212,0.013772976,-0.0044418443,0.069440566,-0.011573264,-0.06070953,0.03586742,0.025072053,-0.04294815,-0.065171234,0.073023185,0.0077377674,-0.040873066,0.00046614997,0.02364829,0.046493817,0.014252481,0.069847114,0.0031109357,-0.05925056,0.054374628,0.0038096001,-0.037218552,0.06108611,-0.00018113603,0.03959293,-0.040197127,0.038841907,0.03450078,-0.04642918,0.03901811,0.070213236,-0.0031515474,-0.038337767,-0.08079081,-0.058962386,0.073093526,-0.07300034
0.034802906,-0.023204416,0.05785481,-0.023849776,0.05447159,-0.011351253,-0.018356381,0.012415839,0.023263741,0.0062484182,0.03269928,-0.059816994,-0.013403058,-0.069180205,0.07734946,0.045799445,-0.047612663,-0.039453764,0.06157522,0.06961063,0.016614202,0.071227096,0.072523214,0.04326666,-0.06498793,0.030273981,0.013549832,0.053565048,0.023986476,-0.074958846,-0.015546594,-0.040687233,0.023625515,0.031898286,0.06792479,-0.081583574,-0.006887438,-0.027274912,0.031931285,0.014883771,-0.0781126,-0.048397664,-0.053125855,-0.05014223,0.05937719,-0.00962891,-0.03825837,0.04225675,-0.01026539,-0.07117651,-0.03896722,-0.03347207,0.061822224,-0.049631916,-0.0004555275,-0.011646231,-0.018700639,0.033260044,0.0022432075,0.0593256,-0.052866474,-0.0802218,-0.06366774,-0.015672704,0.06840332,0.058766298,-0.04743898,0.049657326,0.05034346,0.0799333,0.07334445,0.08653805,0.002279482,0.037044086,-0.029278124,0.032305066,-0.065840304,0.041726597,0.06259137,-0.03990396,0.006211006,-0.046381377,-0.030771736,-0.07021778,-0.07109313,-0.013639433,-0.041557595,-0.06757991,-0.057795376,-0.012132748,-0.03634191,0.040831294,0.05420035,0.07059862,0.030383665,-0.052778628,-0.02329178,0.04470841,0.008834541,0.016492419,-0.047811996,-0.059166994,0.06512161,-0.004566959,-0.039686475,0.069251716,0.05560275,0.0055877888,-0.006487465,-0.013472533,0.077489085,-0.021822708,-0.0027766908,0.06017008,0.07589486,0.020228341,0.07997871,-0.07398725,-0.043635737,-0.04747578,0.069268234,-0.056383323,-0.042774644,-0.07149232,0.00884939,-0.032377828,0.014900288,0.014600628,-0.041685674,0.033789232,-0.06873763,0.0073984214,-0.049767066,-0.028632516,-0.07053775,-0.071521506,0.01595752,0.016890245,0.019496879,-0.021456102
-0.05304397,0.08303254,-0.057788476,-0.0032606109,0.070471905,0.024400031,-0.007610236,-0.05519331,0.082084075,-0.00448049,0.08112363,0.029762192,0.02012869,-0.07650739,-0.01845803,0.077846475,-0.042048045,-0.021626232,0.016800068,-0.075780384,0.005373539,0.085249834,0.047413655,0.03787766,-0.014462146,0.06991212,-0.067933865,-0.016327348,-0.067692615,-0.029522076,-0.038157757,0.084707215,-0.013187284,0.001437176,-0.032132637,-0.019092092,-0.045011558,0.043710276,-0.021138353,0.057510935,-0.045135032,-0.0837351,0.049290948,0.025723847,-0.061446216,-0.08133938,-0.04390181,0.045039497,-0.03248699,0.013689164,0.008603675,-0.041942354,-0.07772339,0.07608433,-0.047047887,-0.045500223,-0.06741092,-0.044509895,0.004758571,-0.057759624,-0.08147848,0.02641942,-0.01270901,-0.0073655327,0.03762694,0.05944107,-0.08041799,0.0667138,6.725554e-05,0.0288718,-0.06014869,-0.045841113,-0.05070723,0.07333377,-0.006214619,-0.071196444,0.0067979223,-0.009425882,0.0069394484,-0.04158155,0.022966947,0.04244433,0.051150307,-0.0014180666,-0.04810105,0.02474449,0.06309513,0.048593733,-0.038669895,0.029939938,-0.059360456,0.03248874,0.05072006,-0.033888295,0.029900918,-0.033366706,0.047727756,-0.019096062,-0.037306152,-0.0014985658,0.020111088,-0.029188037,-0.05446944,-0.017790029,0.0061097564,-0.05884965,-0.0523785,0.027871447,-0.009782994,0.07742507,0.04143321,-0.031133521,0.0736901,-0.087680556,0.033165645,0.0070844023,0.024303472,0.050385185,-0.070592865,0.03296649,-0.04557384,-0.020049594,-0.012644158,-0.01944356,-0.07266679,-0.05931084,-0.07967865,0.076902986,-0.06686996,-0.047662605,-0.024986424,0.07338538,0.06970289,0.07321404,-0.06440509,-0.08195571,-0.07627553,0.060538143,-0.006295557,-0.016579667
0.069678076,0.007463728,0.07922697,-0.05520376,0.06891533,-0.07256723,0.029495118,-0.029583879,-0.044800386,0.04841676,0.06471021,0.027735863,0.011541714,0.06034532,-0.011129586,0.07727861,0.02395581,0.040077254,0.044293612,-0.07859759,0.03316784,0.026133748,0.027205046,-0.02953283,0.044641033,0.06815793,0.042038698,0.013931355,-0.049846694,0.0186339,0.06728784,0.05080822,-0.00800531,0.011723655,-0.0282927,0.03122951,-0.011256872,0.010745789,0.034747068,-0.037339453,0.0071223215,0.074886926,-0.05881446,-0.0070861555,-0.06475894,-0.06491456,0.01554028,0.08194013,0.03361855,0.077193886,-0.04062891,-0.050357327,0.07323896,0.02415917,0.019178053,0.06213659,-0.0333903,-0.0127489,-0.021757705,0.05680477,-0.053042304,-0.08049896,-0.0064098495,0.056091323,-0.03528638,0.06942256,-0.06475108,-0.079002306,0.05499907,0.029698672,-0.0799778,0.026641652,0.0154272765,-0.0163368,0.03279481,0.04506928,0.062940255,-0.080162644,-0.022503672,0.043708373,-0.0014134112,0.05355467,-0.03414616,-0.017926618,0.012764412,-0.0031074467,0.038808066,-0.06018886,0.06521968,0.047271207,-0.048734993,0.019359415,0.028947908,-0.030227942,0.06631397,0.0519187,0.0013702145,-0.057969827,-0.07478455,0.0217718,4.2050957e-05,0.0772184,-0.018307691,-0.037390966,-0.04646097,-0.032258235,-0.07091367,0.05767365,0.07706837,0.00045034458,-0.009027067,-0.02697714,-0.015235642,-0.03016619,0.042162832,0.043619394,-0.02293738,0.0686564,0.07383254,-0.00088168256,0.06377789,0.037837107,-0.024802942,-0.013907981,-0.06720383,0.054898627,0.005974575,-0.071787775,0.056419387,-0.07914634,0.0043334845,0.037153456,0.08306468,-0.058138058,0.06797864,-0.04866143,0.015542715,0.031169958,-0.047619123,-0.028705712
0.04120954,0.04820226,0.02450337,-0.034590933,-0.08386951,0.0358986,0.052560087,-0.024123242,0.04524403,0.014119837,-0.03336962,0.02186552,0.04456739,-0.04441269,0.056314886,-0.06248577,0.06675329,0.053228065,-0.0015779578,0.04205408,-0.05095981,-0.07827333,-0.00484568,0.08322375,0.06956307,-0.04681087,0.064199366,-0.05953681,-0.06843719,-0.0711361,0.077174924,0.02175729,0.04635536,-0.04157622,0.014030635,-0.011741528,-0.0324827,0.024508297,0.008514801,-0.07993696,-0.0028615445,-0.075274676,0.06863064,-0.054086927,0.015123584,0.041451097,0.06787741,0.01678737,0.062064495,-0.014151236,-0.0361072,0.055723038,-0.027783845,0.033528633,-0.0010654473,0.07035653,-0.070921965,-0.062172428,-0.063813284,0.016164137,-0.067993626,0.042914003,-0.029686058,-0.0052143955,-0.036014263,0.028672628,0.04602438,0.054369465,0.08343844,-0.03343207,-0.07819728,0.019344447,-0.07202448,-0.014517481,-0.012159841,-0.006433273,0.068565734,0.03832856,0.027340498,-0.056037385,0.035449576,-0.044987682,0.055477377,0.047323108,0.057131417,-0.03597462,-0.06849723,-0.01680675,-0.04894784,0.079271264,-0.047224212,-0.07031879,0.026727438,-0.05381526,-0.07485155,0.0073171714,-0.015058224,0.012573701,-0.085739836,-0.04161777,-0.008822287,0.032186624,-0.060568932,0.025157057,-0.024306549,0.0035240036,0.06925644,-0.04524229,-0.06622363,-0.03769624,0.013199994,0.023472484,-0.06758885,-0.04903424,-0.04227578,-0.081789285,-0.039671604,0.047309905,-0.057972588,-0.032537643,-0.020027734,-0.0075185364,-0.016044691,0.08017131,-0.07923503,0.06411505,0.007974956,0.02407189,-0.07369833,0.06538061,-0.06811179,0.08158051,-0.015810894,0.0782334,0.027107002,0.07269278,-0.04919286,-0.025940685,-0.033588585,-0.0024381818
0.00985253,-0.07244988,0.020892065,-0.020067947,0.009806031,0.037927914,-0.06499945,-0.07532038,0.0028828834,0.06756397,-0.007375496,0.041042425,-0.00776453,0.053562827,-0.07570839,0.032666016,0.08167832,0.075479604,-0.016996332,-0.039801516,-0.03774651,-0.033931036,0.04802073,0.05441019,0.06223726,-0.083589636,-0.083358474,0.04412819,0.041434824,0.0014334974,-0.03144223,0.05108651,-0.0009902521,-0.069632545,0.06504621,-0.08113638,-0.0154643785,0.043366324,-0.047322456,0.077777974,-0.07183997,0.02942295,0.061119832,0.03773908,-0.07632735,-0.085134886,-0.054498848,0.07511263,-0.059343085,-0.007613054,-0.042543475,-0.029628377,0.029603863,-0.08163916,0.042765014,0.010148185,0.062747,0.021553604,0.06941652,-0.053811792,0.006879816,-0.008070103,0.026346857,0.047834456,-0.06478362,0.044766337,0.053619064,0.034386925,-0.04002831,0.051003743,-0.04291557,0.06326951,-0.07129627,-0.000786133,0.077212386,-0.0375515,-0.074006416,0.06473767,0.03962651,-0.069195196,0.0023341237,-0.013133064,0.06722657,0.0008625395,-0.017978253,0.059140492,-0.02809947,0.060968608,0.08389929,-0.07398794,0.06998658,0.047908984,-0.0767359,-0.06324066,0.05943928,-0.016295873,0.051473204,0.0627547,-0.013582816,0.010950252,0.0066019525,0.0019518901,-0.015559714,-0.06669892,-0.007703476,-0.07797971,-0.04391764,-0.04996107,0.021690816,0.020728631,-0.038365316,0.017701974,0.024202758,0.029851371,0.017275399,-0.07957056,-0.012173645,0.051735237,0.028617846,-0.055127133,-0.040692568,0.06286871,-0.006444959,0.06687457,0.06140816,0.041280456,0.049377415,0.037318267,-0.077018216,0.008185242,-0.01553806,-0.011904428,-0.05762315,-0.01269933,-0.02559603,0.04346472,0.075752914,0.01379664,0.019772906,0.02922329
0.08067993,0.055821892,-0.019944767,0.042233407,0.010212987,-0.030021766,-0.069515765,0.057612512,-0.013796075,-0.013970433,-0.028839538,0.026118675,-0.044162385,-0.08006214,0.051376216,0.07113217,0.025322802,0.070647895,-0.004827834,0.03102034,-0.06994289,-0.04758871,0.06334382,0.07594049,0.040936343,0.02285338,-0.01183441,-0.07089282,0.069717556,0.05116396,0.0048031537,0.017507978,-0.080763996,-0.02865713,-0.06665646,-0.068933204,0.07105491,-0.022417447,-0.06658008,-0.015230712,-0.0092716515,0.028230077,0.055378567,0.06290214,-0.07173367,-0.003331166,0.024763849,-0.00597204,0.013051387,-0.08262571,0.010137265,0.05620492,-0.07685014,0.042399928,0.056002792,0.017190242,0.07332174,-0.07003996,-0.034206424,0.003699278,-0.004117525,0.083399266,-0.07228844,-0.016720254,0.042182688,-0.023103282,-0.030262789,-0.0029456741,-0.020554809,0.083705984,-0.053592622,0.077796064,-0.07197296,-0.056430716,-0.06704432,-0.063083485,0.039986122,0.024063261,0.05592008,0.06121701,0.008366737,0.06187589,0.02072969,0.037342664,-0.046585638,-0.06357241,-0.04282061,-0.08460837,0.07368027,0.06984072,-0.004379827,0.08397644,-0.07133254,-0.0513011,0.030376336,-0.034479633,0.06488152,-0.049932644,-0.038663056,-0.059723403,-0.02362219,0.06673086,0.023094926,0.029169444,-0.035219517,-0.07579548,0.013536861,-0.023978164,-0.031654786,-0.013510628,-0.017211717,0.044273473,-0.038018275,0.055390544,0.009244257,0.044716917,-0.025650317,0.035762005,-0.047116894,0.06158677,0.014937221,-0.047519255,0.067063265,0.07244052,-0.0043346444,-0.03153755,0.03423624,-0.08643531,0.04294148,0.06763585,-0.07776917,0.061293975,0.057136636,0.06663748,0.0023248144,0.07751739,-0.041426793,-0.06954355,-0.00844,-0.04502111
0.0482139,0.064590804,-0.056994226,-0.04930356,0.005950602,-0.0819339,0.067191906,-0.017789438,0.0081950165,-0.018784221,0.04417925,0.006978253,-0.026636845,-0.0267845,-0.021339353,-0.014135152,0.010324448,-0.032448817,-0.071818784,-0.0703983,-0.043338213,-0.07029669,-0.053561922,-0.06317593,0.0159987,-0.0016905632,0.039845005,0.051412217,-0.031676907,-0.059728213,-0.02406369,0.04454425,0.063342676,-0.009392412,-0.025099505,-0.0866025,0.06786678,0.0016949858,0.07094324,-0.06865956,0.07205468,-0.005117299,0.06806186,0.0055305804,-0.00041195922,-0.061944008,0.03651117,-0.04866696,0.032976642,0.02096385,-0.0801407,-0.0027142446,0.020072775,-0.028622761,0.027136542,-0.00020047232,0.05312582,-0.061116993,-0.061372224,0.0496144,0.002220793,0.03197946,0.047706913,-0.031543337,0.020916667,-0.081795536,-0.058108583,-0.053665254,-0.076661885,0.022327032,-0.048416905,0.014695827,0.04484048,-0.027604098,-0.059558425,0.0034420541,-0.00829204,0.004451981,-0.04162408,-0.07670868,0.039275054,0.07530021,-0.012469213,-0.03266963,-0.01554901,-0.051023275,-0.051212106,0.034050845,-0.007927371,-0.08205877,0.02609148,-0.016677083,0.06384762,0.024136452,0.0006241272,-0.07260036,-0.028653607,-0.001499745,0.010575689,-0.0863177,-0.06202791,0.038269695,0.025365397,-0.054772094,-0.063647956,0.0032828406,-0.06613977,0.009759381,0.006313072,0.031182403,0.013404433,-0.0075165303,0.06048566,-0.063975655,0.031641815,0.03938554,0.02723918,-0.0022690173,-0.071274385,0.049254607,-0.0016943251,0.02573949,0.06741157,-0.0578289,-0.042090595,0.027354965,0.04256616,-0.0642074,0.08170458,0.062639415,0.07749305,-0.007840611,-0.03762155,-0.042763583,-0.00949446,0.03161682,-0.045453954,-0.054612264,0.030456979,-0.03635508
0.05717554,0.05607768,-0.04395351,-0.078171805,-0.019012848,-0.06704578,0.02510631,-0.0476156,-0.074530736,-0.034362275,0.047126416,-0.011645813,-0.040893637,0.0489563,-0.05217091,0.052628275,0.040995825,0.064597815,-0.0050250483,-0.05335483,0.016307378,0.011832967,-0.017360626,-0.024278652,-0.03970527,0.06695776,0.0653569,-0.058208637,0.036850385,0.022577897,0.0138826845,0.025334714,-0.017643,0.005975608,-0.021286538,-0.010555469,-0.05448347,-0.027536048,0.080945805,0.08117759,-0.005644891,0.07224774,-0.039398786,-0.065488756,0.030832538,0.0518036,0.08323924,0.055691388,-0.06571628,0.009546526,-0.0279425,-0.043007184,0.08271758,0.04518768,-0.08413781,0.07603099,-0.012207107,0.036858615,0.025585677,-0.004671306,-0.022156734,-0.07818928,0.075304136,0.06397213,0.044851724,0.06719257,0.04790352,0.06633907,0.065924786,0.056555692,0.043407835,0.013859416,0.04064394,0.0754046,0.025508082,0.026110867,0.025167033,-0.056054544,-0.06171421,0.07572924,-0.05554454,0.019005897,0.04585793,-0.036126617,0.033004917,-0.03250467,-0.007897937,-0.0035037303,0.05485058,-0.06514622,-0.0058649764,-0.047491606,0.05469655,-0.0032203025,-0.049106672,-0.07212946,0.072816424,0.033374988,-0.05919333,-0.07318753,0.02194838,-0.08264751,-0.045236345,0.07986969,0.012580306,-0.044462014,0.05085854,-0.035785366,0.02635155,-0.017594522,0.034533817,0.04855809,0.058263496,-0.031873964,-0.06392508,0.07004154,0.033528075,0.062542975,0.035202466,0.052036174,-0.052734867,0.067690335,-0.057746958,0.08008684,0.037609756,-0.08281951,-0.022271171,0.08164016,-0.014139628,0.074258745,-0.077917546,0.008230589,-0.04211149,-0.030134927,0.003362869,0.008328615,-0.06900027,-0.03439613,-0.046661105,0.043708716
0.06757078,-0.0051834495,0.055262055,0.004327882,0.026869256,0.04892224,-0.008351542,-0.020359004,0.05070426,0.074070156,0.02613179,-0.017399212,-0.06432101,0.042127393,0.019056445,0.07215775,-0.080309205,-0.07114045,0.050230518,-0.052600794,-0.072028965,-0.035014354,0.07475034,-0.03617895,0.025646247,0.018528162,-0.0001279739,0.031220058,-0.04597469,-0.08046494,0.041878812,0.04147153,0.028665027,0.03973393,-0.046962433,0.048049808,0.024869973,-0.06658247,-0.069997616,0.050887927,0.013362065,0.057159815,0.016315287,0.036335085,-0.06417531,-0.020755567,-0.021589072,0.014713717,-0.084043555,-0.020648949,0.047098618,0.011480284,-0.0044254223,0.040960144,-0.0075105685,0.080592714,-0.017391285,-0.049115933,-0.02424012,-0.08113209,-0.017846031,0.017463427,-0.046194207,0.0015249082,0.063575715,0.026372211,0.03820689,-0.08262124,-0.0724977,-0.070291445,-0.01583711,0.012525023,0.011740677,-0.0028981806,0.06780305,-0.062122807,0.043713305,0.07461061,0.017312312,0.053234827,-0.061258134,0.016298888,-0.0004087519,0.07712474,0.06499791,-0.005192838,0.06142349,0.07534529,0.07346537,-0.044433855,-0.022755377,-0.014260986,0.054855652,-0.005967117,0.058229566,-0.05397799,0.074662365,-0.045111675,0.06170985,0.042312633,0.065620534,0.034956966,-0.07457226,0.003268401,0.024919847,-0.077470295,-0.025153477,-0.009651722,0.046614803,-0.033601344,0.057450194,-0.029704856,-0.004461792,0.024237879,-0.009086173,0.06289837,0.038409933,0.016917527,0.08621728,-0.02979377,0.0057350565,0.00056083576,0.07486891,-0.07653826,0.03502375,-0.03997773,-0.0027224247,-0.04504569,-0.010676277,-0.07203775,-0.000153016,0.02764635,-0.020197868,0.055323094,0.035371467,-0.012354255,-0.042686988,0.029064447,0.04624675,-0.04949797
0.0019931996,-0.05992437,-0.02312608,-0.044954166,-0.033568732,0.046314627,-0.021496726,0.06969662,-0.055287927,0.0446875,-0.042588584,-0.060101002,-0.026600888,0.06523866,0.07038004,-0.052878782,-0.071206704,-0.01071274,0.00024722106,-0.026424013,0.058084138,0.051462818,-0.04018336,-0.04517586,-0.06889773,0.014242008,0.023627756,-0.05606275,-0.07584783,-0.03548876,0.045229197,0.017470272,0.08129437,0.010769029,-0.056549564,-0.07217185,-0.05205173,-0.042123187,0.059395187,0.035123467,-0.071341164,-0.027346708,-0.07622791,-0.034822345,0.053138766,0.018579379,0.0473043,-0.05782258,0.070021115,0.044188626,-0.044567984,0.010263575,0.021017862,-0.011181303,-0.08552001,0.015025036,0.057450127,-0.020100102,-0.072125964,-0.050370924,0.064241566,0.06496624,0.043868482,-0.048697613,-0.02286855,0.03746392,0.020665638,0.07405539,0.016281208,0.05707768,-0.041783057,-0.005887622,0.07900972,-0.05913304,-0.007407086,-0.048939425,-0.020110201,0.007224974,0.04752638,0.073336884,0.0752435,0.06585019,0.0101930415,0.04691845,-0.03639789,0.025891094,0.029240575,-0.0020675485,0.012326408,0.04949706,0.048537526,0.02310597,-0.008648909,0.0063760476,-0.061350554,-0.040807474,0.02276809,-0.026505956,0.03906285,-0.06349586,-0.07874116,0.05161275,0.072452165,-0.020436103,0.019869993,-0.01684234,-0.01914416,0.018290441,0.073287465,0.004215102,-0.049985357,-0.02423439,0.075063474,0.0001331609,0.03767327,0.018122727,0.03039631,0.046072017,-0.07331301,0.054253735,0.07331945,0.0058803824,0.035742737,-0.06451308,0.030099576,-0.07328146,-0.05272468,-0.0436516,0.005520943,-0.011765357,-0.03973374,-0.046461273,0.06725616,-0.013894048,0.047177013,0.02303797,-0.02345558,0.0558858,0.067152016,-0.020028159
-0.08353767,0.032067258,0.069487885,-0.05382366,0.066513196,0.03324015,-0.060487006,0.035792854,0.041297473,0.015018253,-0.060529873,0.019541135,-0.062098548,-0.027526466,-0.08074185,0.08320517,-0.0628495,-0.053796336,0.052797362,-0.048255432,0.0021740813,-0.079674534,-0.026655117,-0.07776375,0.017320866,0.06982852,-0.029932115,-0.060919493,0.06634544,0.047985796,0.06999316,3.3631013e-06,0.03689823,0.033828758,0.056820896,-0.03342554,-0.026434895,0.051419724,0.05147923,0.013057689,-0.032030843,0.026179262,-0.079669535,0.019498939,0.07691102,0.034986068,-0.075028785,-0.074882716,0.00012158233,0.037660748,0.049440734,-0.009089664,0.012767066,-0.024441449,0.014405192,0.055209294,0.009868711,0.047678277,-0.043569304,-0.017102884,0.080091126,-0.079283185,-0.0019241755,0.022738812,0.06043257,0.026092324,-0.06416879,0.07138789,0.015601036,-0.01495068,-0.030150987,0.07385633,0.059506856,-0.01316606,0.022032091,0.011115573,0.04278552,-0.0019118723,-0.029300584,-0.059983578,-0.07614325,-0.068935685,0.06342352,0.07674981,-0.07229719,0.03838293,0.084667236,-0.04470102,0.026092734,0.012355696,0.048043206,0.04560144,-0.07099123,0.0569754,0.008025269,-0.04621066,-0.0015536929,0.005040283,-0.07333724,0.051792268,-0.057696562,0.07223906,0.057935074,-0.07970634,-0.019432975,-0.075503,-0.02754497,0.07369432,0.07873937,-0.011071077,-0.061906572,0.012430535,-0.055165127,-0.054887768,0.078351125,-0.073540315,0.04735762,0.06528322,-0.009226747,-0.033220097,-0.04055539,-0.039859578,0.07268583,-0.00027399018,0.007870077,0.07617631,-0.035059925,0.058619156,0.08137349,-0.078579515,0.037339512,0.038675923,0.0685742,0.08051229,-0.08248581,0.017875366,-0.045557477,-0.0756975,0.028307732,0.032181885
0.055452473,-0.030424224,-0.040582232,-0.06867728,0.008193534,0.030041903,-0.00715751,-0.017227603,-0.02265027,-0.053249475,0.054087345,-0.050061304,-0.071893215,0.016634116,-0.028881604,0.009517519,-0.04628806,0.07665764,-0.04057283,-0.036216736,0.018271023,0.044691823,0.012599528,0.04558112,-0.026709903,0.07004058,-0.0073499363,0.07695955,0.053342722,-0.02890184,0.03927113,-0.0015826853,-0.047864746,-0.022040544,-0.031118862,0.046717677,0.08292481,0.0772103,-0.014798671,0.016803296,-0.00928132,0.06750605,0.06264628,-0.011452564,-0.03671994,0.055212945,0.0003220299,-0.058457673,0.07923145,-0.069117576,0.074984245,-0.041170705,0.07396153,-0.07627282,-0.07246544,-0.042905785,-0.05173167,-0.021451276,0.033882365,-0.06801113,-0.043353923,0.061138846,-0.014459427,-0.031526532,-0.04286713,-0.074485764,-0.057519063,0.07147165,0.08416116,-0.05364567,0.01827537,-0.05613066,0.052641246,0.029686663,0.03383719,0.059247043,0.034477342,0.0010455135,-0.06266958,-0.054439384,-0.043952227,-0.046153598,0.022610465,-0.05415844,-0.003403263,0.056796957,-0.042348374,0.055742547,-0.068124875,-0.0063545937,-0.05843064,-0.03213104,0.06768979,9.4585805e-05,-0.080926426,-0.019310508,0.033510827,0.08385889,-0.01587789,0.053070955,0.08105802,0.037027378,-0.048976507,0.0077371486,0.05135944,0.038553435,-0.076852255,0.062188853,0.0035733504,-0.06379957,0.0651314,0.0025486676,-0.0048823385,0.05868366,0.07905126,0.030281521,-0.035244305,-0.08379693,0.011884796,-0.01702895,-0.056107495,-0.009574746,-0.020809723,-0.056536574,-0.06326788,0.03747637,-0.06414159,-0.017663874,0.080275536,-0.055543587,0.03820945,0.08462577,-0.0070579476,-0.010478352,0.054900136,-0.06410252,0.04942794,0.016105447,0.016472945,0.06275718
0.053526476,-0.022852298,-0.022768747,-0.045019563,0.01744647,-0.07840321,-0.061860215,-0.069301054,-0.04067788,-0.051367063,-0.01483428,-0.03515549,-0.06474771,-0.0052980883,0.028428871,-0.06678444,-0.011225432,-0.005563318,-0.056323722,-0.027204162,-0.050434645,0.040652584,-0.051933028,0.005462219,0.017251592,0.08215254,-0.012993151,-0.07800366,-0.024382148,0.018610774,-0.07590046,0.00026737922,-0.044097427,0.07430593,-0.01281572,-0.020417169,0.055577256,-0.07105566,0.07252839,0.0035447886,-0.014865643,0.067145884,-0.048051666,0.08027082,0.025358664,0.045397907,0.06762068,-0.054633316,0.06690134,0.03201094,-0.048728667,0.073635116,-0.05798764,0.040891528,-0.06564726,-0.034421954,0.0032990363,0.05379489,0.016380912,0.005098651,0.064925395,-0.03400871,0.012609727,0.0021508234,0.056060944,0.034250736,0.027795393,-0.0017666215,-0.0013542478,-0.023426222,-0.03550116,0.07647188,0.03064994,0.037028983,0.02495404,0.07423351,-0.058510587,-0.022829374,0.03955805,-0.061336074,-0.06423477,-0.06730567,0.018195312,0.016496219,-0.024250627,0.06599409,-0.014172807,0.030208755,-0.0489448,0.07229441,-0.019334843,0.05966972,-0.031487357,-0.0474369,-0.02626654,0.033071764,0.08292366,0.0028931738,-0.056488562,-0.061319813,0.045620795,0.04777751,0.052095503,0.055336416,0.05105255,0.061280515,-0.06613429,-0.0030237918,0.027888618,0.033273317,-0.05913777,0.081481084,0.07806123,0.01525962,-0.00066372904,-0.063578255,0.010167812,0.016441355,-0.078517675,0.004509572,0.011227275,0.007457376,-0.04560895,-0.005788419,0.051337905,0.06982809,-0.018643701,-0.0111392215,0.080222175,-0.00029241547,0.012105992,0.0071657887,0.061300423,-0.06953498,-0.050626583,-0.0046394793,-0.031280175,-0.019850682,0.07593288,0.045072444
0.05795105,0.050816152,-0.010148786,0.023409622,0.07253562,0.028456619,-0.028160132,-0.073422186,-0.027582036,-0.016734589,-0.056506205,-0.06973076,0.06168222,-0.020580841,0.042432755,0.005732402,0.041971248,0.0053781373,-0.012870102,0.01195019,-0.076749265,0.063880175,0.07472742,0.028087694,-0.049286343,-0.021954462,-0.023224816,-0.035852503,-0.04244581,-0.021897534,0.07099987,-0.072650455,0.00875873,0.08514156,0.08319588,0.008834761,-0.055943713,-0.0035541386,0.06974754,-0.03433864,0.00751124,0.04428258,0.0695828,-0.035703283,0.05942755,-0.061043855,0.018328458,-0.03597231,-0.06322909,-0.042782046,-0.07316941,0.006100518,-0.043063145,0.08052702,0.019058587,-0.010975521,0.040725693,-0.04699516,0.042204984,0.06453494,-0.06964958,0.035179697,0.06180952,-0.038947105,0.022272505,-0.045563653,-0.059783503,-0.0051692217,-0.029114988,-0.00034263215,-0.068521194,0.047262233,-0.018003406,0.045693487,-0.07178151,0.05258515,0.00013961775,-0.057837743,0.054611355,-0.079332225,-0.0022026862,0.061041415,0.08424376,0.054135904,-0.073696606,-0.026175719,-0.05880448,0.05091378,-0.06843777,-0.025916172,0.034568287,0.06009628,0.068716004,0.055784237,0.016653158,0.029491775,-0.072938025,0.014818181,0.025225783,-0.069562,0.017433748,0.080618136,-0.0137529615,-0.04170437,-0.08038787,-0.028036237,-0.07552323,0.009786897,-0.048219476,-0.0014850927,-0.055703066,0.078667015,0.04695029,0.001830596,0.018535065,0.06211464,-0.08275518,0.05547697,-0.047171514,0.04935616,-0.043516625,-0.080484554,0.06850009,0.042323582,-0.047111254,-0.07549445,0.009600057,0.074460134,-0.06809756,0.011011059,-0.06390593,-0.009178409,-0.07915213,0.010212808,0.04589656,-0.0642937,-0.08252071,-0.02226437,-0.00057584303,0.0016199858
-0.04865851,-0.028815951,0.05348183,0.05366994,0.054965403,0.008690882,0.053037323,-0.035442743,0.021335931,0.06959995,-0.07562031,0.042564772,-0.0707806,0.0809113,0.061544385,0.0034773722,0.025505368,-0.009294263,-0.035948753,-0.07933426,-0.060201038,-0.07427948,0.026938645,0.083804876,-0.00862975,-0.008177382,0.06093467,-0.010908972,0.026426945,0.071513526,0.071869835,0.04964542,0.06915424,-0.040830284,-0.051404823,-0.04720382,0.075866975,-0.0460243,0.030757044,0.001605142,-0.048721783,0.08636062,-0.026891112,-0.021416308,-0.006157046,0.02388534,-0.054731946,-0.03984918,0.033644956,0.07403615,0.06668093,0.052729994,0.027881788,0.06214398,0.07967485,-0.003618764,-0.03762139,-0.026922692,-0.038023256,-0.046278857,-0.028553275,-0.002240811,0.05848269,0.047948275,-0.047956984,-0.019276056,0.0587332,-0.007690906,0.06532784,0.06409386,-0.004459785,0.013061925,-0.07944869,-0.06522986,-0.054672383,-0.06771952,0.05774937,0.027821593,-0.023388566,-0.08481052,0.061644558,-0.054135144,0.082300365,-0.042878322,-0.018654952,0.015058512,0.0047907797,-0.05446072,-0.0093813045,0.02893533,-0.03382132,-0.07266727,0.022019263,0.025027514,0.023319079,-0.027500322,-0.061956007,0.057054754,-0.03286837,0.019322615,-0.07277304,0.016666505,-0.022931198,0.032845724,0.039146386,0.08254878,0.057753924,0.02823309,0.0700401,0.030602215,0.040425077,-0.00913106,-0.021020351,0.036432818,-0.011709847,-0.038678747,-0.05557522,-0.027052062,0.00083797117,-0.010294907,-0.07831968,-0.029385626,0.061289854,-0.020929461,-0.051695295,-0.08321924,0.04527001,-0.028271522,-0.053490188,0.06279776,0.033637352,-0.066620134,0.010044623,-0.02439327,-0.042636763,-0.012658734,0.064078294,-0.047564313,-0.0033397507,0.054031022
0.0417804,-0.00036796706,-0.0200914,0.066723146,-0.08562022,0.047616933,0.018272417,0.07940409,-0.07223861,-0.021213543,-0.054726418,-0.06682119,-0.076907866,-0.052430958,-0.025197085,-0.018020095,-0.030543342,0.048501674,0.05333554,0.027812136,0.04836106,0.046063974,-0.011150554,-0.0132517,0.030864686,-0.05785103,-0.022787146,0.0620808,0.058047723,0.051618718,-0.00650269,0.058842055,-0.034727696,-0.06284308,0.010973586,0.0396627,-0.05026198,-0.05431484,-0.070105985,-0.051907405,0.0031626113,-0.0059537683,-0.07011508,0.046754982,-0.07723232,-0.068506636,-0.04080751,0.05984772,-0.050670564,0.032751128,-0.018167332,-0.03947456,-0.03254656,-0.02440601,-0.078173205,-0.009436067,-0.03515798,0.07047305,0.0004346312,0.061286885,-0.03171833,-0.03430083,-0.062208273,-0.032998014,-0.07325714,0.08199696,-0.07897638,0.036326427,0.020183872,0.077998765,-0.0019950452,0.022367012,0.028693035,-0.0868999,0.0641227,0.02548136,-0.029527338,0.08046675,-0.0070373584,-0.015922608,-0.018508567,0.07313608,0.06003804,0.00537947,0.04640106,0.0053514065,-0.034108467,-0.08114052,-0.04228721,0.08019136,0.06888923,0.03964723,-0.045064114,-0.023175536,0.03221483,0.07975062,0.038210183,0.07403816,0.05281401,-0.08006165,0.07557055,0.00531953,-0.0255835,-0.026908258,0.05928495,0.043923076,-0.055239793,0.030244527,0.009298934,-0.015604728,0.07216836,-0.08474297,0.058696106,0.04754086,-0.017682597,-0.013727098,-0.018392656,-0.045975022,0.08039562,-0.058149,0.04366867,0.0075668446,-0.05456288,-0.005538746,0.08236527,0.007042494,-0.06654165,0.034096334,0.014258802,0.029227328,-0.013977969,-0.05409238,0.048301708,-0.043614317,0.025068475,0.047374863,0.069713,-0.060668893,0.016179064,0.06332811
-0.022422902,0.038725663,0.032296866,-0.05901642,0.0367659,0.041123077,-0.071433,0.05504688,0.054311413,-0.054876704,0.011999822,0.05881434,0.022629248,0.08076554,-0.07055587,-0.056762144,-0.08254699,-0.007984329,0.07963188,-0.019495968,-0.0540131,-0.012694715,0.027573545,0.046886373,-0.013594775,-0.07111332,0.04842306,0.032612603,-0.045664296,0.07807621,0.03612079,-0.0488086,0.0538553,-0.0023498472,0.04671792,-0.046012208,0.014382129,-0.0699273,-0.07685041,-0.07057771,0.055268772,-0.07660894,0.013687553,-0.08445369,-0.02102039,-0.0640977,0.025057519,-0.0042374497,0.0691922,0.06296381,0.035170186,0.018814072,-0.041907635,0.037725385,-0.08089285,-0.027051533,0.03108946,-0.04672044,-0.07475397,0.082126394,-0.0023238945,-0.0513904,0.06318792,0.04414381,-0.05187025,0.06865651,0.04597731,-0.042759854,-0.025622047,0.020499455,0.0245746,0.08409119,-0.08042793,-0.023300057,-0.014657069,0.051492207,-0.08245302,-0.029810516,0.023116644,0.0027871216,0.014775153,0.03831672,0.054088347,0.034474794,-0.049606327,0.07821585,-0.06352703,0.008500079,-0.06651444,0.045911845,-0.03752929,-0.07006659,0.017492658,0.016277982,-0.017378695,-0.040633954,-0.018127963,-0.06113387,-0.050133776,-0.026348757,0.031131957,-0.05791252,0.04321251,-0.037547998,-0.04400348,-0.007013015,-0.047288314,-0.057260264,-0.07541285,-0.018637493,0.06856109,0.059039958,0.0032144773,0.06963015,0.059879944,0.018766299,-0.053690262,-0.030039819,-0.038123075,0.016670136,0.07167711,0.010073215,-0.0048549715,-0.05391179,-0.04066555,-0.07035906,-0.075186215,-0.03145616,0.079001404,-0.020382045,-0.023778722,-0.00592736,0.06866177,0.018860376,-0.06616072,-0.033721577,-0.07703731,-0.02793166,-0.046197142,0.06434196
0.04013533,-0.048652247,0.06379799,-0.06775625,-0.059432298,0.060298763,-0.03850756,0.023529343,-0.01805795,-0.016654523,0.04737804,-0.012535477,0.025023358,-0.031218968,-0.0188023,-0.05397922,0.048222646,-0.034439143,0.021495475,0.07670168,0.060811024,-0.049823105,-0.015725793,0.07354318,-0.0013332098,-0.05900041,0.059889704,-0.051214315,0.062044274,-0.077856705,-0.015452063,0.013409413,-0.002707305,-0.08305277,0.07610411,0.061463162,-0.0036281028,0.011547523,-0.03198261,0.07741312,-0.06973271,-0.020431815,0.07943285,0.032080576,-0.0632697,0.04934389,0.054962933,-0.054891005,-0.067538574,0.0044558044,0.041087836,0.042888694,0.0077530136,0.027686683,-0.04355482,0.04432744,0.014192948,-0.0059780367,-0.0762395,-0.036034886,-0.03239458,0.06273669,-0.07115434,-0.057912122,-0.009567686,-0.08690049,-0.030321773,0.026769497,-0.06550499,-0.047370084,-0.052742254,0.046469186,-0.019093081,0.01830854,-0.041645672,-0.006869702,0.022822252,-0.05852769,-0.012298852,0.05669061,-0.04933723,0.01733001,0.06728906,0.07174369,0.04196976,-0.007551755,0.0845432,0.0296697,-0.08444232,-0.04992232,-0.044769656,-0.04615284,0.046319965,0.016010651,-0.07085336,-0.0503425,-0.044552516,-0.026082642,-0.054598793,-0.081367895,0.017568342,-0.028238857,-0.032940004,0.01725427,0.017033678,-0.038613334,0.07537462,0.059545223,0.057874713,0.04268348,0.001529931,0.045048594,0.065549605,-0.0037867634,0.041327402,0.049554408,0.03394985,0.031005466,-0.010333165,0.077158384,0.01625056,-0.04616107,-0.0074493294,0.05618212,0.01918487,-0.038413867,-0.07377727,-0.029256184,0.0018029329,0.04781932,-0.017079921,-0.03274452,0.056656163,-0.027618127,-0.015517008,-0.03543508,0.07865412,-0.063632414,-0.072461694,-0.047143083
0.02577733,-0.030627284,0.039458483,-0.08008428,0.057338238,0.062278576,0.032928374,0.07781254,0.075098805,-0.022405287,-0.037103526,-0.038175035,0.037931826,-0.07053539,0.06917115,0.007151135,0.0020166885,0.02115056,-0.061278198,0.06940113,-0.071341254,0.06144145,-0.07150642,0.08066059,0.013782377,-0.05278948,-0.025514787,0.040499322,0.009828919,-0.011579248,0.035809115,0.06830911,-0.082336485,-0.046157483,-0.050469294,0.03690688,-0.082899265,0.037385497,0.06783564,-0.08247485,0.034520775,-0.07620369,-0.080302194,-0.053738534,0.0068681086,0.021668525,-0.08113859,-0.04281384,0.017877864,0.02913276,-0.06464136,0.034142636,0.044990644,0.022611858,0.03506503,0.05097336,0.05905664,-0.003799697,-0.04787558,-0.07378918,-0.06673228,-0.073307015,0.0014399947,0.067636974,-0.080202475,0.071832955,-0.026183294,-0.070225984,0.055945862,0.025281275,-0.008315502,-0.011341534,-0.051030546,0.027844632,-0.0040699774,-0.01775584,0.05073592,0.02433938,-0.06880401,-0.0059501114,-0.044276193,-0.04970739,-0.012406199,-0.00085815205,-0.059684087,-0.07823214,0.036916416,0.015924608,0.02934904,-0.007869702,0.009088111,0.0018690777,0.020928947,0.010756167,-0.00963663,0.06787462,0.0041479412,0.05295722,-0.047399968,-0.050886814,0.025145037,-0.067249246,0.031998258,-0.06741306,0.065363236,-0.023473509,-0.065881334,-0.032331873,-0.018399047,0.041528177,0.02454046,-0.053200644,0.01376297,0.005497253,0.015031513,0.06158589,-0.0703929,-0.07003814,-0.009647563,0.052047763,0.0490681,0.057582844,-0.062834606,-0.04267492,-0.06132268,0.010149362,0.058216583,0.038218863,-0.056207947,0.05854492,-0.03915636,0.042518377,0.07583374,0.038907748,0.07345693,0.08016996,0.02214446,-0.0717284,-0.041227054,-0.048878685
-0.04818913,0.025724445,-0.02961012,-0.052588083,0.053660408,-0.068405226,-0.062533416,0.08462905,0.06269572,-0.0009030458,-0.030213479,-0.025796251,-0.08104231,0.072819605,0.04720262,0.028132213,0.044524133,0.02939029,-0.042191524,-0.033497777,-0.07066774,-0.074208066,0.020810025,-0.07899944,0.00028856617,-0.025448501,-0.030032152,0.005324124,0.030180808,-0.06355054,0.03861556,0.058088873,0.0385259,-0.017115183,-0.04401047,0.030770283,-0.08276778,-0.0052066073,-0.0033010002,0.055780955,-0.029279763,0.050717663,0.013207824,0.040242825,0.08167099,0.08308976,-0.06917897,-0.03832065,0.075327456,0.06849078,-0.07603831,-0.001554758,-0.0479984,0.073591806,-0.0006711882,0.061009042,0.055150624,-0.008497725,0.0422431,-0.017059028,0.038577907,-0.066304944,0.037296988,0.07259272,-0.030697156,-0.0059122737,0.026137145,0.024422692,0.08056327,-0.07159058,0.039144058,0.011616836,0.025765408,0.054160103,-0.07503444,0.038759794,-0.05598162,0.07652726,-0.047593974,0.068170205,-0.06006181,-0.060680185,-0.023983486,0.07866883,-0.020360539,0.0050611566,0.051443294,0.019853443,0.04004347,-0.02666157,0.044740386,0.056489486,-0.07242132,-0.02279539,-0.03054067,-0.059621148,-0.003711708,0.073323086,-0.026917903,0.036427837,0.0022319418,0.082875594,-0.0763325,0.057319734,-0.06970629,0.004928752,-0.08008933,-0.0066888705,0.02138694,0.020072386,0.047914047,-0.082161166,-0.001250607,-0.014696671,-0.04928976,-0.06358318,0.019942775,0.02355223,0.01815717,0.037529424,0.0032362873,0.03544894,-0.034282114,0.032939274,0.07411755,0.01849847,-0.022667123,-0.034115996,0.03425914,0.027054066,0.07514803,-0.05978551,0.08044921,-0.046678312,0.06503544,-0.035919763,-0.0028927713,-0.035140395,-0.044852182,-0.051647894
0.035426736,-0.034909658,-0.055824198,-0.02011067,-0.050947268,-0.016609771,0.06689703,0.029554991,-0.0046076216,0.026982628,0.07917826,0.0162039,0.08223252,-0.0024470608,0.03223516,-0.057463452,-0.0060329614,0.020314975,-0.0447841,0.008551549,-0.021796849,-0.058430698,-0.03350132,0.019684805,-0.042187065,0.02351122,-0.014915751,-0.022855684,-0.044756263,0.0024025412,0.030001659,-0.06101035,0.06760845,-0.029406035,0.059780855,0.043327782,-0.066339076,-0.040532075,0.066574335,0.034727395,-0.0179509,-0.036072988,0.057169896,-0.017995149,-0.07640235,-0.055290908,0.08212345,0.017807152,0.04270839,0.013260621,-0.07431351,0.068507366,-0.013748304,0.049078796,0.024438582,-0.057098,-0.006146319,0.06601323,-0.07786672,0.017090248,-0.045990176,0.058222264,-0.041242193,-0.0010741206,0.05081527,-0.026446393,0.05002465,-0.056664273,-0.07764069,0.033999786,0.05006965,0.04916795,-0.021488741,0.065391086,-0.08090002,0.076893106,0.053405322,-0.06692043,0.05687384,-0.029633734,0.02273722,-0.001997979,0.08061782,0.055130787,0.012139459,0.015638528,-0.0034345007,0.07085626,-0.0062963795,0.056323845,-0.082645655,-0.037855867,-0.0798989,0.04138513,-0.05107441,-0.036553558,0.025975315,-0.03533631,-0.057674404,0.036174204,0.057401717,0.049908325,0.03961672,0.07251152,-0.044764653,-0.012429894,0.032466516,-0.022327516,0.024409635,0.05785143,0.04328421,-0.04576426,0.021715658,0.04064238,0.00052234717,-0.0022557487,0.061918225,-0.034620117,0.06376679,0.033539806,-0.0470388,-0.06235716,-0.07186397,0.053513378,-0.07585642,0.030382238,-0.009237602,-0.061017476,0.006196336,-0.03933362,0.020706924,-0.0760383,-0.07736993,0.007262957,0.05848602,-0.040713847,-0.009458617,0.064618625,-0.025275555,-0.079294905
-0.0067401403,0.0547346,0.0048474306,0.052010264,0.009011053,0.07554644,0.019639611,-0.07005821,0.034589022,0.012383696,-0.06044873,0.039733045,-0.06413749,-0.03992157,-0.04004416,0.08235097,0.045894057,0.013277424,-0.0017079351,0.069522694,0.05445165,-0.07655327,0.063482895,0.077011295,0.00876949,0.03652163,-0.026253166,0.019936617,0.02336876,-0.012179056,-0.023655502,0.016050966,-0.012619332,-0.08225612,0.05766188,0.07010405,-0.075935066,0.077646576,0.0006488225,0.03956156,0.06574449,-0.02362508,0.06477076,-0.08134066,0.010654053,-0.084190436,-0.00027496347,-0.0067186984,0.046508636,0.0045740404,0.083895005,0.01759936,-0.037270352,0.00756361,-0.07246443,0.023650954,-0.07569297,0.02967858,0.0690181,0.05225833,0.07307348,-0.058372866,0.039106093,-0.07186502,-0.025662195,-0.027230449,-0.03760417,0.06336868,0.059938114,0.08458563,0.05857671,0.08090604,0.07618011,0.044864334,0.04442024,-0.072502814,0.066425554,0.08178891,-0.0311747,0.052790448,0.055646144,0.073066115,0.06144229,0.032893587,-0.0027209087,0.045328345,0.069389276,-0.05985185,-0.035443734,-0.081332415,-0.03592686,-0.039098576,0.057828657,0.016005618,0.026403192,-0.02756677,-0.03483556,-0.034740217,-0.047328413,-0.037445173,0.018163776,-0.07203944,0.03971932,-0.0048589315,0.075893134,0.03356405,0.061943736,-0.04279343,0.058288775,-0.06423951,0.044334356,0.0012536406,-0.056615483,-0.025196826,-0.07735873,-0.04154593,0.018063735,0.011516453,-0.064390294,-0.051191825,-0.012086998,-0.01239273,0.029685931,0.031764686,0.016754925,-0.05576031,-0.002024617,-0.004995022,0.0647908,-0.032411076,-0.056564506,0.0071230032,0.00659143,0.060354255,-0.028785072,-0.06471816,0.07364824,-0.04426299,-0.043979652,-0.061737962
-0.0067072334,-0.04695647,0.038777914,-0.008766071,0.0152372345,0.07170622,-0.07998999,-0.06139584,0.045898635,0.010551129,0.07440481,-0.019964295,0.027445216,-0.03389408,0.040199198,-0.02368576,0.036037594,0.05497179,0.0071231206,-0.03890227,-0.059915677,0.075709835,0.038284037,0.029453624,0.006222565,0.05636132,-0.035348598,-0.06736512,-0.06947589,-0.013616408,0.039373003,-0.05830705,0.016209817,-0.078977555,-0.048406973,0.08163241,-0.06146378,0.019102203,0.007385521,-0.03941807,-0.030199824,-0.054636657,-0.046510965,-0.05362243,0.018361187,-0.013998795,0.004946858,0.00378333,-0.029904524,0.075662,-0.07523466,-0.011322597,0.06493417,-0.03299619,0.003566992,-0.07671536,-0.07133303,-0.0731905,0.06664017,0.018806908,-0.084168896,0.040054113,0.039957304,0.036100898,-0.06455225,-0.013299679,0.012175174,0.01766658,0.007943148,-0.05791387,-0.074962534,-0.050657492,-0.021699926,0.03877597,-0.05324267,-0.0046877353,0.05028763,0.033339333,-0.07006126,-0.043329198,-0.012718408,0.01023103,-0.04581488,0.04102335,0.027671225,-0.054972142,0.052860145,0.005771677,-0.022646014,-0.06098029,0.040945437,0.06126353,-0.039888557,-0.046079606,-0.019792432,-0.07507679,-0.007491106,-0.037394408,0.054503106,0.06263193,0.06082858,-0.018944768,0.06959172,0.07300823,0.06250745,-0.001895121,0.06319786,-0.029165547,-0.0076909144,0.0048965565,-0.04249661,0.016623449,0.055383395,0.00906774,0.04076057,0.08305508,0.046626255,-0.05046172,-0.02817889,0.0015522848,0.08443588,0.01826504,0.023529684,0.031671822,-0.0808218,0.059783213,0.032375533,0.036785375,-0.022987772,-0.005911479,-0.007249361,-0.047718193,-0.029640513,0.020230327,0.043601666,0.014033459,-0.009298919,-0.0017926248,-0.004339067,-0.073670864
0.07211758,0.057694342,0.040897418,0.030712398,-0.031662792,0.060547087,0.05853436,-0.05836896,-0.023917576,0.06914404,0.0689236,-0.061107628,0.040590215,-0.06789587,-0.024005134,-0.06920472,0.05066958,0.06670917,-0.07029614,0.03554385,0.006400091,-0.021389931,-0.043921567,0.06267575,-0.0030834968,-0.02721065,0.029518535,0.08377654,-0.028175607,-0.040715244,-0.039719988,-0.05678915,-0.007528931,0.00067613187,0.025744949,-0.050931633,-0.07433095,0.0023665603,0.06426999,0.06200626,0.057299018,-0.014988662,-0.027404806,-0.012766723,0.04273011,-0.050729007,0.048647918,0.053279098,0.023194663,0.0125703225,0.021858169,-0.051830847,-0.065309435,-0.05125298,-0.04916497,0.07337318,0.04913204,0.052065473,0.019776277,0.059417132,-0.0161619,0.041159004,0.032779805,0.041830845,-0.0067798733,-0.058296997,-0.022661157,0.011309757,0.057417136,0.03467905,-0.02045714,-0.074146084,0.023048755,0.0040007704,0.03741531,-0.072315596,-0.074186236,-0.046838608,0.054275244,-0.053817865,0.04347417,0.053900447,0.016743936,0.01151323,0.06750148,-0.07393043,-0.016188715,-0.037005357,-0.052512925,-0.08309589,0.07928695,0.0069640763,-0.061780907,0.052116364,0.021034945,0.037165336,0.07546795,-0.03570977,0.0036867599,0.02715786,-0.080912456,0.06658902,-0.035366844,-0.053652156,0.0028064202,0.038451158,0.031368017,-0.020243958,-0.036102142,0.036769643,0.06518071,-0.036988243,0.07526993,0.026451891,-0.07454823,-0.02045026,0.0657733,-0.039925296,-0.053532086,-0.051832233,-0.0050832634,0.034057446,0.032765355,0.0033393805,0.030226631,-0.039231386,0.070859514,-0.063618585,0.07695789,-0.04450856,-0.06875977,0.036768142,-0.07136769,0.07886891,-0.015723182,-0.013705321,-0.019256549,-0.070193365,0.018197726,-0.08360244
0.04453885,-0.050605625,-0.08097175,-0.037015945,-0.0704628,-0.03237789,0.073374525,-0.055058677,-0.081812456,0.007148573,0.031333838,0.008383855,-0.042602427,0.039330404,0.07582145,-0.011826825,-0.05337206,0.010670506,-0.07559753,0.0073428336,0.046069648,0.06420433,0.07856508,0.07662359,0.06980892,0.043549534,-0.06544531,0.05102094,-0.055081256,0.021661969,0.047026265,-0.025121715,-0.025106933,0.026637124,-0.012542371,-0.0369615,0.017817251,0.06209202,0.028399428,-0.062006492,-0.045903992,-0.0015267237,0.03059519,0.05441351,-0.032644294,-0.042254098,-0.026825724,0.053062953,-0.043073915,0.020160584,0.02381145,-0.054648962,0.07063154,-0.037155133,-0.02949399,-0.016243408,0.06351257,-0.046487007,0.034097828,0.07776588,0.029113078,-0.043451134,0.010330318,0.078297295,-0.034322694,-0.033970606,0.034879446,0.05695632,0.008105621,-0.007385611,0.05730118,-0.009288703,-0.052428573,-0.070677735,0.017960483,-0.02014528,-0.017618507,-0.027768238,-0.029092995,-0.07839328,0.066655196,-0.009075778,-0.07308261,0.009819606,0.019353712,0.006600538,0.03342793,-0.07711069,0.06957424,0.040598672,-0.052218053,-0.06446133,-0.037349153,-0.0026821159,0.05305571,0.00605639,0.025864746,-0.0044073625,0.04031026,-0.066634424,0.018603284,-0.014307668,-0.062604055,0.07185825,0.058178447,0.02742554,0.056386054,0.057450753,-0.07209379,0.030837467,0.01402654,0.024518676,-0.053120714,0.07333293,0.013512894,0.06636224,0.02869966,-0.08530154,-0.050819002,0.036102124,-0.047591485,0.059575684,0.013999477,0.07462214,-0.07550978,0.03658224,-0.03735587,0.0052656205,-0.078271545,0.010645427,0.04958741,0.040806357,-0.0746164,0.080034226,0.049029,0.070843406,0.029295776,-0.036237486,-0.068572365,-0.01381226
-0.025223238,0.010844434,0.037627842,0.07023768,0.062433407,-0.047758125,0.06707687,-0.033308323,0.003962897,-0.029659081,-0.04579993,0.07607479,-0.04812155,0.015669106,0.03917419,0.055618614,-0.0140989395,-0.012881578,0.07755646,0.045704402,0.019564925,0.07136741,-0.08034549,0.018731605,0.03107005,-0.0007268004,0.074453086,0.061614547,-0.022820901,0.011140439,-0.058017153,0.007774217,0.05708444,0.08126488,0.026144035,0.0026613346,0.06433285,-0.044426855,0.06521134,0.079240516,0.005246154,0.026404407,-0.01902299,0.014567609,-0.070856765,-0.025554178,0.015274646,0.061330646,-0.023992466,-0.049886335,0.009318825,0.014186412,0.060778078,0.05218728,-0.04130924,0.035767224,0.010558634,0.052358672,0.07606002,-0.048429042,0.035752468,-0.062466767,0.072728485,-0.032247037,-0.008195457,-0.0114174485,0.057993364,-0.020801133,0.048890747,-0.031479537,0.017221782,-0.07100984,0.008058616,0.07896745,-0.05736617,0.014525249,0.024189515,0.02143675,0.07869143,-0.08023391,-0.07450196,-0.0013476559,-0.008074114,-0.060774032,-0.047018226,-0.08787387,-0.07120622,0.029161356,-0.089830495,-0.03459038,-0.06056589,0.010584575,0.07184874,-0.07217366,-0.02173728,0.0799847,-0.059765283,0.03335225,-0.030070487,-0.012059951,0.053113382,0.047485743,-0.0108063,-0.021597292,0.021595003,0.0007426445,-0.029782917,0.013566854,0.02302104,-0.06687763,-0.07709291,0.042016637,-0.071200065,0.06877009,-0.014131179,0.009553807,0.032338172,-0.027127448,-0.02888316,-0.04464787,-0.08156611,0.056598395,0.083285786,0.057846338,-0.05332517,0.08094386,-0.08561952,-0.020849556,0.047391497,0.07115685,-0.060692087,0.036797788,-0.020521825,-0.038844366,0.0067808977,-0.07327996,0.027039297,-0.035649993,-0.07702489,0.009016172
